x_m,z_m
-6.262633204460144043e-02,1.369437456130981445e+00
-1.022366434335708618e-01,1.434544801712036133e+00
-8.512742817401885986e-03,1.410402417182922363e+00
-4.322877153754234314e-02,1.425635218620300293e+00
-3.132154792547225952e-02,1.446306467056274414e+00
-6.600607931613922119e-02,1.453130483627319336e+00
-4.728496819734573364e-02,1.424954891204833984e+00
-6.718238443136215210e-02,1.444758176803588867e+00
-3.988024592399597168e-02,1.484340786933898926e+00
-3.124064020812511444e-02,1.479640722274780273e+00
-3.551059216260910034e-02,1.434081077575683594e+00
3.235076367855072021e-02,1.438436269760131836e+00
-5.710453540086746216e-02,1.412669658660888672e+00
2.294778823852539062e-06,1.409795045852661133e+00
-1.941084861755371094e-02,1.433185458183288574e+00
-3.053958527743816376e-02,1.396311640739440918e+00
-3.228420019149780273e-02,1.455380678176879883e+00
-6.028023362159729004e-02,1.399525880813598633e+00
-2.264405600726604462e-02,1.371974945068359375e+00
1.121330857276916504e-01,1.284633398056030273e+00
9.244155883789062500e-02,1.263187408447265625e+00
1.439989209175109863e-01,1.232414960861206055e+00
1.636975854635238647e-01,1.266272306442260742e+00
1.738222241401672363e-01,1.333999276161193848e+00
1.180253624916076660e-01,1.299142360687255859e+00
8.095426857471466064e-02,1.260323762893676758e+00
2.228716015815734863e-01,1.342894077301025391e+00
9.912119805812835693e-02,1.269572734832763672e+00
9.184542298316955566e-02,1.389604568481445312e+00
1.848665922880172729e-01,1.484246373176574707e+00
9.034488350152969360e-03,1.709999799728393555e+00
2.137269377708435059e-01,1.525213956832885742e+00
-1.624686568975448608e-01,1.499536633491516113e+00
-1.342722177505493164e-01,1.522947311401367188e+00
-1.142696887254714966e-01,1.399540066719055176e+00
-7.640850543975830078e-02,1.433083891868591309e+00
-4.011530429124832153e-02,1.457706451416015625e+00
-4.971275106072425842e-02,1.455235958099365234e+00
-8.581547439098358154e-02,1.451781988143920898e+00
-9.744802117347717285e-02,1.467310309410095215e+00
-9.478676319122314453e-02,1.452235460281372070e+00
-3.282300382852554321e-02,1.467314958572387695e+00
-7.972463965415954590e-02,1.452091455459594727e+00
-6.667821854352951050e-02,1.460359811782836914e+00
-8.281088620424270630e-02,1.438411235809326172e+00
-6.369593739509582520e-02,1.454274058341979980e+00
-1.303260773420333862e-01,1.435779690742492676e+00
-7.728794962167739868e-02,1.478430509567260742e+00
-1.064265370368957520e-01,1.464970827102661133e+00
-8.469673246145248413e-02,1.459646224975585938e+00
-1.194678470492362976e-01,1.473884463310241699e+00
-8.495651185512542725e-02,1.490022182464599609e+00
-6.967148184776306152e-02,1.478579044342041016e+00
-8.036261796951293945e-02,1.472508072853088379e+00
-7.679899036884307861e-02,1.491052627563476562e+00
-6.277529895305633545e-02,1.545919179916381836e+00
-2.472157031297683716e-02,1.572279214859008789e+00
-7.241443544626235962e-02,1.540861845016479492e+00
1.561712473630905151e-03,1.539572596549987793e+00
-1.931339800357818604e-01,1.348132967948913574e+00
-5.333926901221275330e-02,1.358083486557006836e+00
1.736391335725784302e-03,1.296928882598876953e+00
4.444512724876403809e-02,1.396530151367187500e+00
2.132566571235656738e-01,1.289828181266784668e+00
2.487552165985107422e-02,1.360808014869689941e+00
1.846195757389068604e-01,1.206091403961181641e+00
1.772461235523223877e-01,1.298562645912170410e+00
1.257263571023941040e-01,1.270250082015991211e+00
1.225569248199462891e-01,1.296426177024841309e+00
1.342920809984207153e-01,1.333219766616821289e+00
2.413990795612335205e-01,1.448487520217895508e+00
2.791048288345336914e-01,1.448048591613769531e+00
1.342387199401855469e-01,1.377548575401306152e+00
1.402978301048278809e-01,1.392679452896118164e+00
1.964011788368225098e-02,1.489933013916015625e+00
2.467609941959381104e-02,1.577282786369323730e+00
1.388777792453765869e-02,1.509868979454040527e+00
1.245346367359161377e-01,1.477343559265136719e+00
1.166884899139404297e-01,1.488199710845947266e+00
7.214500010013580322e-02,1.465742111206054688e+00
1.677345633506774902e-01,1.534115791320800781e+00
2.687774598598480225e-02,1.575751304626464844e+00
1.518917977809906006e-01,1.609538555145263672e+00
9.952889382839202881e-02,1.631903409957885742e+00
1.648757308721542358e-01,1.572561502456665039e+00
1.601816713809967041e-01,1.614846706390380859e+00
1.682226657867431641e-01,1.594575285911560059e+00
1.072414517402648926e-01,1.605973243713378906e+00
9.409487247467041016e-02,1.621700763702392578e+00
2.393175661563873291e-01,1.579661965370178223e+00
2.044108211994171143e-01,1.601620912551879883e+00
2.627488672733306885e-01,1.556846857070922852e+00
2.243625521659851074e-01,1.587996482849121094e+00
1.933545172214508057e-01,1.561427950859069824e+00
2.951292395591735840e-01,1.647851347923278809e+00
1.991054415702819824e-01,1.554383158683776855e+00
1.288209110498428345e-01,1.566263437271118164e+00
8.766926825046539307e-02,1.562032461166381836e+00
1.894700825214385986e-01,1.499652504920959473e+00
1.281878352165222168e-01,1.467661142349243164e+00
1.156206578016281128e-01,1.447120070457458496e+00
1.760532855987548828e-01,1.418218612670898438e+00
1.739285141229629517e-01,1.398601055145263672e+00
1.499624550342559814e-01,1.423953533172607422e+00
1.514764428138732910e-01,1.401589393615722656e+00
1.608615666627883911e-01,1.319186329841613770e+00
2.467231452465057373e-01,1.330757975578308105e+00
1.942468583583831787e-01,1.354067087173461914e+00
2.197421193122863770e-01,1.338157534599304199e+00
2.216311097145080566e-01,1.318084120750427246e+00
2.269464731216430664e-01,1.335739731788635254e+00
2.446147799491882324e-01,1.382993936538696289e+00
2.124716043472290039e-01,1.299181461334228516e+00
2.376675903797149658e-01,1.334944844245910645e+00
2.091782689094543457e-01,1.331652283668518066e+00
2.470225095748901367e-01,1.363362073898315430e+00
1.314306408166885376e-01,1.282773375511169434e+00
1.635016351938247681e-01,1.330917119979858398e+00
1.625356823205947876e-01,1.317959308624267578e+00
-1.752753928303718567e-02,1.332789540290832520e+00
-1.105601340532302856e-01,1.359803795814514160e+00
-1.176752224564552307e-01,1.348087787628173828e+00
-3.171169012784957886e-02,1.358412742614746094e+00
-2.092428505420684814e-01,1.369149565696716309e+00
-1.979930549860000610e-01,1.351163864135742188e+00
-2.172650098800659180e-01,1.360376834869384766e+00
-2.275012135505676270e-01,1.347112894058227539e+00
-1.467239856719970703e-01,1.330163717269897461e+00
-9.689576178789138794e-02,1.355364799499511719e+00
1.783068776130676270e-01,1.321866989135742188e+00
1.986205875873565674e-01,1.391334176063537598e+00
2.621269226074218750e-01,1.277605772018432617e+00
2.503229677677154541e-01,1.385497093200683594e+00
1.905151009559631348e-01,1.460025906562805176e+00
1.886469870805740356e-02,1.424902677536010742e+00
-1.522198617458343506e-01,1.444099664688110352e+00
-1.350037157535552979e-01,1.516710519790649414e+00
1.449652016162872314e-01,1.573334217071533203e+00
7.627590000629425049e-02,1.560534358024597168e+00
1.426794975996017456e-01,1.524902820587158203e+00
1.174698770046234131e-01,1.528428196907043457e+00
4.889342933893203735e-02,1.392180919647216797e+00
-6.182510405778884888e-03,1.611513614654541016e+00
-6.059505417943000793e-02,1.522431612014770508e+00
-1.113346591591835022e-01,1.512415289878845215e+00
-1.674824953079223633e-01,1.636205077171325684e+00
5.581313371658325195e-02,1.499327659606933594e+00
-6.212525814771652222e-02,1.516931772232055664e+00
-1.157870143651962280e-02,1.515180826187133789e+00
-2.506090402603149414e-01,1.456929206848144531e+00
-2.896259427070617676e-01,1.331650376319885254e+00
-1.243039891123771667e-01,1.303917765617370605e+00
-1.039313375949859619e-01,1.423220038414001465e+00
-2.465190738439559937e-01,1.453526973724365234e+00
-2.294339537620544434e-01,1.336668968200683594e+00
-1.434043049812316895e-01,1.382141709327697754e+00
-1.772234141826629639e-01,1.360796213150024414e+00
-2.302453070878982544e-01,1.417074680328369141e+00
-1.692888438701629639e-01,1.442562580108642578e+00
-1.691631078720092773e-01,1.450319290161132812e+00
-1.725447475910186768e-01,1.469084262847900391e+00
-2.226567864418029785e-01,1.479571580886840820e+00
-2.319951504468917847e-01,1.425240755081176758e+00
-1.115878224372863770e-01,1.469421982765197754e+00
-2.494423389434814453e-01,1.419335365295410156e+00
-2.202557772397994995e-01,1.420288681983947754e+00
-3.001752495765686035e-01,1.246443748474121094e+00
-2.741618156433105469e-01,1.368496179580688477e+00
-2.805232703685760498e-01,1.329691290855407715e+00
-1.915850043296813965e-01,1.391443490982055664e+00
-1.704989373683929443e-01,1.308534979820251465e+00
7.486738264560699463e-02,1.492065906524658203e+00
1.295145153999328613e-01,1.568427801132202148e+00
1.772146373987197876e-01,1.371468544006347656e+00
6.560946255922317505e-02,1.465578556060791016e+00
9.789693355560302734e-02,1.443988442420959473e+00
4.026625305414199829e-02,1.330803871154785156e+00
-1.279132664203643799e-01,1.295490503311157227e+00
-2.040727436542510986e-02,1.462384462356567383e+00
1.458094865083694458e-01,1.627679347991943359e+00
2.850038558244705200e-02,1.497289299964904785e+00
-1.148353219032287598e-01,1.423611879348754883e+00
-5.240994319319725037e-02,1.542990684509277344e+00
-6.286791712045669556e-02,1.419718384742736816e+00
-1.629534214735031128e-01,1.480011940002441406e+00
-1.511232554912567139e-01,1.481881737709045410e+00
-1.007677912712097168e-01,1.476735115051269531e+00
-2.085700780153274536e-01,1.530944228172302246e+00
-9.862151741981506348e-02,1.489005088806152344e+00
6.127963960170745850e-02,1.369113087654113770e+00
6.617907434701919556e-02,1.346804141998291016e+00
-2.869626879692077637e-01,1.287744760513305664e+00
-3.520201146602630615e-01,1.316547751426696777e+00
-3.952118158340454102e-01,1.295287609100341797e+00
-3.216418921947479248e-01,1.239256381988525391e+00
-3.191639780998229980e-01,1.297724246978759766e+00
-3.650968372821807861e-01,1.260633826255798340e+00
-3.839774429798126221e-01,1.302798390388488770e+00
-3.796003162860870361e-01,1.240491151809692383e+00
-3.875693976879119873e-01,1.282132863998413086e+00
-3.794345259666442871e-01,1.313346862792968750e+00
-2.797875404357910156e-01,1.300231575965881348e+00
-3.561309874057769775e-01,1.404786229133605957e+00
-3.744529485702514648e-01,1.364732265472412109e+00
-3.784690797328948975e-01,1.437168240547180176e+00
-4.327099919319152832e-01,1.425406098365783691e+00
-3.795671164989471436e-01,1.422218322753906250e+00
-4.059928059577941895e-01,1.508370280265808105e+00
-3.785581290721893311e-01,1.514251470565795898e+00
-3.892087638378143311e-01,1.463994503021240234e+00
-4.519411027431488037e-01,1.374841570854187012e+00
-4.834284782409667969e-01,1.415650010108947754e+00
-4.803671836853027344e-01,1.386157512664794922e+00
-4.743089079856872559e-01,1.391753077507019043e+00
-4.551286995410919189e-01,1.349048137664794922e+00
-4.704766571521759033e-01,1.342599511146545410e+00
-5.777579545974731445e-01,1.351744413375854492e+00
-5.003390312194824219e-01,1.324051141738891602e+00
-4.707655906677246094e-01,1.319167733192443848e+00
-3.176302611827850342e-01,1.327719926834106445e+00
-2.640801370143890381e-01,1.274636268615722656e+00
-2.560037970542907715e-01,1.271605849266052246e+00
1.955868750810623169e-01,1.537752151489257812e+00
1.401917338371276855e-01,1.374688386917114258e+00
2.116494476795196533e-01,1.530314445495605469e+00
1.967200040817260742e-01,1.495291233062744141e+00
1.843048334121704102e-01,1.492041707038879395e+00
1.425483077764511108e-01,1.485619664192199707e+00
1.700265407562255859e-01,1.499982118606567383e+00
1.913960725069046021e-01,1.523987770080566406e+00
1.749586611986160278e-01,1.563602924346923828e+00
9.306643903255462646e-02,1.507845282554626465e+00
9.369413554668426514e-02,1.456122279167175293e+00
1.016945093870162964e-01,1.491866588592529297e+00
8.917589485645294189e-02,1.529898524284362793e+00
9.636564552783966064e-02,1.523506402969360352e+00
7.722401618957519531e-02,1.547316908836364746e+00
1.065671741962432861e-01,1.518958926200866699e+00
1.850449442863464355e-01,1.453801751136779785e+00
3.110892474651336670e-01,1.459393739700317383e+00
3.885934650897979736e-01,1.472533702850341797e+00
2.530834972858428955e-01,1.479070782661437988e+00
1.417423039674758911e-01,1.442057132720947266e+00
1.649944335222244263e-01,1.490157246589660645e+00
1.494979858398437500e-01,1.450237035751342773e+00
3.247645497322082520e-01,1.402249097824096680e+00
3.492090702056884766e-01,1.407522201538085938e+00
2.001408934593200684e-01,1.451678037643432617e+00
3.879743814468383789e-02,1.441625833511352539e+00
1.019648760557174683e-01,1.386234641075134277e+00
-6.886944174766540527e-05,1.558564901351928711e+00
2.997527718544006348e-01,1.403893709182739258e+00
2.107473909854888916e-01,1.412062287330627441e+00
3.448756337165832520e-01,1.554370522499084473e+00
2.263747453689575195e-01,1.538972020149230957e+00
-1.374234631657600403e-02,1.522927045822143555e+00
-1.405135095119476318e-01,1.491397023200988770e+00
7.578697800636291504e-02,1.455858230590820312e+00
3.191311657428741455e-01,1.592936396598815918e+00
3.375547230243682861e-01,1.653899908065795898e+00
2.030631899833679199e-01,1.461724042892456055e+00
1.454071104526519775e-01,1.380236983299255371e+00
2.015035748481750488e-01,1.440334558486938477e+00
1.872203648090362549e-01,1.487075805664062500e+00
4.945635050535202026e-02,1.640001416206359863e+00
-2.374070137739181519e-02,1.664278030395507812e+00
2.668618559837341309e-01,1.583220601081848145e+00
-6.078147143125534058e-02,1.582834720611572266e+00
1.942937672138214111e-01,1.386131882667541504e+00
1.308021396398544312e-01,1.254894137382507324e+00
7.192026078701019287e-02,1.428113341331481934e+00
1.746617257595062256e-02,1.359160661697387695e+00
8.924822509288787842e-02,1.387379884719848633e+00
2.606881856918334961e-01,1.596662044525146484e+00
2.407787144184112549e-01,1.495679736137390137e+00
-5.131490528583526611e-02,1.572694778442382812e+00
-1.340259313583374023e-01,1.575377583503723145e+00
-1.118953227996826172e-01,1.539504766464233398e+00
9.876504540443420410e-03,1.498581171035766602e+00
9.918887913227081299e-02,1.525742769241333008e+00
2.524574100971221924e-01,1.457490921020507812e+00
